<?xml version="1.0" encoding="UTF-8"?>
<project-private xmlns="http://www.netbeans.org/ns/project-private/1">
    <editor-bookmarks xmlns="http://www.netbeans.org/ns/editor-bookmarks/2" lastBookmarkId="0"/>
    <open-files xmlns="http://www.netbeans.org/ns/projectui-open-files/2">
        <group>
            <file>file:/C:/Users/Ridwan%20Pinanjar/Documents/NetBeansProjects/UasPbo_15312459_Ridwan_Pinanjar_Ti15b/src/View/ViewTeman.java</file>
            <file>file:/C:/Users/Ridwan%20Pinanjar/Documents/NetBeansProjects/UasPbo_15312459_Ridwan_Pinanjar_Ti15b/src/Model/ModelTeman.java</file>
            <file>file:/C:/Users/Ridwan%20Pinanjar/Documents/NetBeansProjects/UasPbo_15312459_Ridwan_Pinanjar_Ti15b/src/Controler/ControlerTeman.java</file>
            <file>file:/C:/Users/Ridwan%20Pinanjar/Documents/NetBeansProjects/UasPbo_15312459_Ridwan_Pinanjar_Ti15b/src/Controler/ControlerPinjam.java</file>
            <file>file:/C:/Users/Ridwan%20Pinanjar/Documents/NetBeansProjects/UasPbo_15312459_Ridwan_Pinanjar_Ti15b/src/uaspbo_15312459_ridwan_pinanjar_ti15b/UasPbo_15312459_Ridwan_Pinanjar_Ti15b.java</file>
            <file>file:/C:/Users/Ridwan%20Pinanjar/Documents/NetBeansProjects/UasPbo_15312459_Ridwan_Pinanjar_Ti15b/src/View/ViewCariTeman.java</file>
            <file>file:/C:/Users/Ridwan%20Pinanjar/Documents/NetBeansProjects/UasPbo_15312459_Ridwan_Pinanjar_Ti15b/src/View/MenuUtama.java</file>
            <file>file:/C:/Users/Ridwan%20Pinanjar/Documents/NetBeansProjects/UasPbo_15312459_Ridwan_Pinanjar_Ti15b/src/Model/ModelPinjam.java</file>
            <file>file:/C:/Users/Ridwan%20Pinanjar/Documents/NetBeansProjects/UasPbo_15312459_Ridwan_Pinanjar_Ti15b/src/View/ViewPinjam.java</file>
            <file>file:/C:/Users/Ridwan%20Pinanjar/Documents/NetBeansProjects/UasPbo_15312459_Ridwan_Pinanjar_Ti15b/src/Util/Koneksi.java</file>
        </group>
    </open-files>
</project-private>
